city,country,lat,lng
Odense,Denmark,55.4032455,10.41017021
Ossana,Italy,46.30702542,10.73733445
Copenhangen,Denmark,55.67741092,12.57015876
Bressanone,Italy,46.71023734,11.65967348
Milan,Italy,45.46826587,9.188313078
Bruxelles,Belgium,50.84536281,4.361173381
Paris,France,48.85701849,2.352181349
Cannes,France,43.55114778,7.01400329
Antibes,France,43.5784507,7.125721728
Nice,France,43.70862972760198,7.261484664456553
Menton,France,43.7720516203367,7.499349749314524
Beijing,China,39.908928161862775,116.38229324772882
Tianjing,China,39.091533481432435,117.18423547233667
Shijiazhuang,China,38.04347198320109,114.50979610993741
Hangzhou,China,30.281140554322747,120.16083689677365
Shanghai,China,31.23441019933378,121.4160610740608
Changsha,China,28.23261600444826,112.95037109060003
Wuhan,China,30.601985635783965,114.30169097529948
Shenzhen,China,22.59920615985162,114.04144757688744
Nanning,China,22.819880650352342,108.29359190739846
Shaoxing,China,29.994410379207864,120.58527885989072
Huzhou,China,30.892854919994754,120.09181683000546
Nanjing,China,32.06277104274162,118.7816302235199
Suzhou,China,31.300671748434,120.57012815941289
Taian,China,36.1991419312112,117.08540306450365
Chende,China,40.95247370772734,117.96191800695833
Groningen,Netherlands,53.22588275354108,6.5559954091445505
Amsterdam,Netherlands,52.360025814035666,4.856136529034587
Eindhoven,Netherlands,51.430808835908415,5.484345245596966
Maastricht,Netherlands,50.85343310983695,5.691290241564177
Rotterdam,Netherlands,51.92048938977853,4.467527393841138
Delft,Netherlands,52.005875078634226,4.352047850355407
Den Haag,Netherlands,52.07122732217331,4.2943080786125405
Leiden,Netherlands,52.166243427319266,4.4836945299291395
Monaco,Monaco,43.73723306763865,7.420985945074447
Malmo,Sweden,55.60990543355342,12.987570589660253
Lund,Sweden,55.70649921526604,13.228205590199723
Gothenburg,Sweden,57.70006701335109,11.971612705923985
Linköping,Sweden,58.40896901917666,15.611951517239373
Älmhult,Sweden,56.55176280669886,14.139219261312148
Stockholm,Sweden,59.32584286016434,18.050439514771604
